Genero,mensaje
1980s,"Usuario con más horas jugadas para Género 1980s : 76561198042170355, Horas jugadas: año 2015.0, 10467"
1990s,"Usuario con más horas jugadas para Género 1990s : 76561197995146150, Horas jugadas: año 2011.0, 15820, año 2012.0, 122"
2D,"Usuario con más horas jugadas para Género 2D : 76561198083612270, Horas jugadas: año 2012.0, 117, año 2012.0, 24547"
3D Platformer,"Usuario con más horas jugadas para Género 3D Platformer : 76561197995146150, Horas jugadas: año 2011.0, 15820"
Action,"Usuario con más horas jugadas para Género Action : Sp3ctre, Horas jugadas: año 2010.0, 249, año 2004.0, 122426, año 2003.0, 7673, año 2005.0, 21339, año 2004.0, 4561, año 2006.0, 73, año 2007.0, 127, año 2007.0, 109103, año 1999.0, 44, año 2001.0, 13, año 2004.0, 287, año 2004.0, 11, año 2006.0, 1, año 2009.0, 4405, año 2009.0, 63175, año 2009.0, 5585, año 2009.0, 34108, año 2008.0, 204, año 2008.0, 20, año 2007.0, 3109, año 2010.0, 8668, año 2010.0, 1486, año 2010.0, 16160, año 2010.0, 39827, año 2010.0, 8357, año 2011.0, 121, año 2007.0, 140, año 2011.0, 151, año 2011.0, 17, año 2011.0, 1007, año 2011.0, 412, año 2011.0, 73519, año 2016.0, 1866, año 2011.0, 202, año 2011.0, 98, año 2011.0, 3321, año 2011.0, 2572, año 2011.0, 184, año 2011.0, 71, año 2011.0, 1172, año 2006.0, 217, año 2011.0, 10501, año 2012.0, 6739, año 2012.0, 85, año 2012.0, 307, año 2009.0, 721, año 2012.0, 1738, año 2000.0, 70644, año 2004.0, 126, año 2012.0, 260875, año 2012.0, 434, año 2012.0, 1226, año 2012.0, 85, año 2012.0, 5789, año 2012.0, 2548, año 2012.0, 121, año 2009.0, 332, año 2012.0, 405, año 2012.0, 85, año 2012.0, 1514, año 2012.0, 388, año 2012.0, 91, año 2012.0, 31669, año 2012.0, 3239, año 2012.0, 654, año 2013.0, 205, año 2012.0, 1, año 2013.0, 155, año 2011.0, 61139, año 2012.0, 20, año 2012.0, 53285, año 2015.0, 1, año 2014.0, 130, año 2010.0, 1, año 2012.0, 2617, año 2013.0, 34407, año 2012.0, 1193, año 2006.0, 27, año 2014.0, 36, año 2012.0, 10, año 2012.0, 2607, año 2013.0, 17463, año 2013.0, 6453, año 2013.0, 3158, año 2013.0, 169, año 2013.0, 754, año 2014.0, 1574, año 2013.0, 196, año 2013.0, 4, año 2015.0, 1282, año 2012.0, 184, año 2010.0, 3031, año 2013.0, 61, año 2013.0, 144, año 2013.0, 333, año 2013.0, 965, año 2013.0, 1548, año 2013.0, 204, año 2013.0, 413, año 2013.0, 52664, año 2015.0, 56049, año 2013.0, 154, año 2014.0, 7146, año 2016.0, 25175, año 2014.0, 62, año 2014.0, 72, año 2014.0, 588, año 2014.0, 243, año 2014.0, 36, año 2015.0, 909, año 2014.0, 38824, año 2014.0, 231, año 2010.0, 293, año 2010.0, 4, año 2002.0, 238, año 2014.0, 569, año 2015.0, 622, año 2014.0, 561, año 2014.0, 41110, año 2014.0, 302, año 2014.0, 178, año 2014.0, 609, año 2014.0, 540, año 2014.0, 239, año 2014.0, 1718, año 2017.0, 145, año 2014.0, 179, año 2015.0, 348, año 2017.0, 21208, año 2013.0, 158, año 1995.0, 217, año 2012.0, 297, año 2006.0, 578, año 2014.0, 23, año 2014.0, 4, año 2014.0, 16331, año 2016.0, 63, año 2014.0, 177, año 2007.0, 241, año 2013.0, 853, año 2007.0, 64, año 2012.0, 18, año 2012.0, 72, año 2014.0, 204, año 2014.0, 47, año 2015.0, 287, año 2015.0, 198, año 2014.0, 158, año 2010.0, 7, año 2015.0, 4606, año 2014.0, 619, año 2014.0, 16982, año 2014.0, 593, año 2015.0, 99934, año 2017.0, 20709, año 2017.0, 66, año 2011.0, 311, año 2015.0, 1, año 2015.0, 322, año 2015.0, 6, año 2015.0, 363, año 2015.0, 158, año 2015.0, 720, año 2015.0, 76249, año 2015.0, 158, año 2015.0, 337, año 2015.0, 657, año 2015.0, 266, año 2015.0, 24, año 2016.0, 568, año 2015.0, 11, año 2015.0, 709, año 2015.0, 118, año 2017.0, 245, año 2015.0, 158, año 2015.0, 2, año 2015.0, 576, año 2016.0, 39, año 2015.0, 2113, año 2015.0, 394, año 2015.0, 261, año 2017.0, 954, año 2015.0, 27, año 2015.0, 23, año 2015.0, 10, año 2015.0, 393, año 2015.0, 393, año 2015.0, 447, año 2016.0, 329, año 2015.0, 63380, año 2016.0, 10, año 2014.0, 606, año 2016.0, 597, año 2016.0, 3, año 2016.0, 361, año 2016.0, 278, año 2016.0, 287, año 2011.0, 98"
Action-Adventure,"Usuario con más horas jugadas para Género Action-Adventure : 91828382991, Horas jugadas: año 2015.0, 4861"
Adventure,"Usuario con más horas jugadas para Género Adventure : REBAS_AS_F-T, Horas jugadas: año 2008.0, 1212, año 2009.0, 89, año 2009.0, 724, año 2009.0, 96, año 2009.0, 86, año 2009.0, 1963, año 2009.0, 6311, año 2010.0, 8925, año 2010.0, 63, año 2010.0, 2064, año 2010.0, 347, año 2010.0, 776, año 2010.0, 200, año 2010.0, 27, año 2010.0, 5, año 2010.0, 49, año 2011.0, 90, año 2011.0, 22, año 2011.0, 1914, año 2011.0, 994, año 2011.0, 457, año 2011.0, 63, año 2011.0, 1659, año 2011.0, 54, año 2011.0, 15, año 2011.0, 5070, año 2011.0, 3073, año 2011.0, 7174, año 2011.0, 84, año 2012.0, 1653, año 2012.0, 3, año 2012.0, 22, año 2012.0, 713, año 2012.0, 2755, año 2012.0, 2475, año 2012.0, 4232, año 2012.0, 2870, año 2012.0, 3175, año 2013.0, 1956, año 2012.0, 173, año 2012.0, 820, año 2012.0, 11283, año 2012.0, 961, año 2012.0, 2479, año 2011.0, 1096, año 2012.0, 2681, año 2012.0, 22524, año 2012.0, 57, año 2013.0, 333, año 2012.0, 3126, año 2012.0, 7161, año 2003.0, 1863, año 2012.0, 2394, año 2013.0, 3352, año 2012.0, 9268, año 2012.0, 6640, año 2012.0, 3, año 2013.0, 337, año 2013.0, 849, año 2011.0, 31, año 2011.0, 7, año 2015.0, 5930, año 2013.0, 8256, año 2013.0, 10560, año 2013.0, 3195, año 2007.0, 161, año 2013.0, 1647, año 2013.0, 1626, año 2013.0, 1999, año 2013.0, 5703, año 2013.0, 2319, año 2013.0, 2016, año 2013.0, 2348, año 2014.0, 2702, año 2013.0, 365, año 2014.0, 451, año 2013.0, 173, año 2013.0, 3534, año 2013.0, 1, año 2013.0, 4982, año 2014.0, 5214, año 2013.0, 6370, año 2013.0, 5747, año 2013.0, 1, año 2013.0, 1148, año 2014.0, 216, año 2017.0, 327, año 2013.0, 4318, año 2016.0, 8624, año 2011.0, 3235, año 2013.0, 1197, año 2013.0, 2459, año 2013.0, 6429, año 2013.0, 5589, año 2014.0, 4223, año 2013.0, 5106, año 2013.0, 2495, año 2013.0, 132, año 2013.0, 10275, año 2014.0, 4126, año 2013.0, 2215, año 2013.0, 13982, año 2012.0, 10600, año 2014.0, 2641, año 2014.0, 1146, año 2009.0, 7255, año 2012.0, 2305, año 2014.0, 742, año 2014.0, 2385, año 2013.0, 2195, año 2013.0, 3210, año 2014.0, 373, año 2013.0, 53, año 2014.0, 890, año 2015.0, 507, año 2012.0, 1216, año 2014.0, 183, año 2016.0, 7943, año 2013.0, 1168, año 2014.0, 2345, año 2014.0, 1577, año 2014.0, 3092, año 2014.0, 1663, año 2012.0, 1572, año 2014.0, 1676, año 2014.0, 3295, año 2014.0, 3039, año 2014.0, 3438, año 2014.0, 858, año 2014.0, 1238, año 2015.0, 1271, año 2014.0, 1168, año 2014.0, 1215, año 2014.0, 1888, año 2014.0, 2521, año 2015.0, 264, año 2005.0, 1113, año 2014.0, 3327, año 2014.0, 1060, año 2014.0, 720, año 2014.0, 6185, año 2015.0, 272, año 2014.0, 6398, año 2014.0, 975, año 2014.0, 122, año 2014.0, 1046, año 2015.0, 405, año 2014.0, 129, año 2013.0, 806, año 2012.0, 858, año 2012.0, 2631, año 2013.0, 966, año 2013.0, 2484, año 2014.0, 2311, año 2013.0, 988, año 2013.0, 4138, año 2013.0, 1461, año 2014.0, 3, año 2013.0, 9151, año 2014.0, 1097, año 2014.0, 1604, año 2016.0, 1763, año 2014.0, 3485, año 2015.0, 1413, año 2014.0, 701, año 2014.0, 701, año 2014.0, 701, año 2014.0, 1042, año 2014.0, 1, año 2014.0, 618, año 2010.0, 6427, año 2015.0, 1745, año 2016.0, 8802, año 2016.0, 7285, año 2017.0, 58, año 2014.0, 1091, año 2014.0, 4693, año 2015.0, 2585, año 2015.0, 1689, año 2014.0, 821, año 2011.0, 14571, año 2015.0, 595, año 2015.0, 2477, año 2014.0, 10, año 2015.0, 309, año 2015.0, 238, año 2013.0, 6829, año 2013.0, 24771, año 2015.0, 1535, año 2014.0, 869, año 2009.0, 6692, año 2008.0, 1241, año 2009.0, 2146, año 2012.0, 2649, año 2014.0, 1057, año 2015.0, 6160, año 2014.0, 57, año 2014.0, 2135, año 2014.0, 1913, año 2015.0, 863, año 2013.0, 9644, año 2014.0, 964, año 2016.0, 2796, año 2014.0, 3449, año 2015.0, 1962, año 2014.0, 4982, año 2015.0, 1306, año 2014.0, 6135, año 2013.0, 264, año 2015.0, 4226, año 2015.0, 218, año 2014.0, 352, año 2015.0, 4720, año 2015.0, 1042, año 2017.0, 2262, año 2014.0, 3504, año 2015.0, 125, año 2015.0, 3392, año 2014.0, 30897, año 2014.0, 3543, año 2015.0, 31237, año 2014.0, 681, año 2016.0, 874, año 2012.0, 9432, año 2014.0, 881, año 2016.0, 1741, año 2013.0, 41884, año 2012.0, 4647, año 2011.0, 1, año 2011.0, 45, año 2009.0, 1542, año 2014.0, 3, año 2014.0, 2294, año 2014.0, 170, año 2015.0, 1178, año 2014.0, 1965, año 2014.0, 624, año 2014.0, 1683, año 2015.0, 1505, año 2015.0, 6, año 2015.0, 2783, año 2015.0, 4763, año 2012.0, 6493, año 2015.0, 1119, año 2014.0, 1187, año 2015.0, 256, año 2015.0, 8767, año 2015.0, 3382, año 2011.0, 6942, año 2011.0, 7244, año 2014.0, 104, año 2015.0, 518, año 2011.0, 6464, año 2014.0, 12843, año 2015.0, 2361, año 2015.0, 2797, año 2015.0, 2366, año 2015.0, 1453, año 2015.0, 1210, año 2015.0, 985, año 2015.0, 242, año 2015.0, 1883, año 2012.0, 716, año 2015.0, 6151, año 2013.0, 1627, año 2015.0, 746, año 2015.0, 14108, año 2015.0, 11462, año 2016.0, 9487, año 2017.0, 55, año 2015.0, 3945, año 2015.0, 1315, año 2015.0, 1813, año 2015.0, 30979, año 2015.0, 4491, año 2015.0, 6470, año 2014.0, 242, año 2015.0, 31139, año 2015.0, 7393, año 2015.0, 4855, año 2015.0, 6431, año 2013.0, 7604, año 2015.0, 31303, año 2015.0, 3, año 2012.0, 3316, año 2015.0, 6130, año 2015.0, 308, año 2015.0, 564, año 2015.0, 7403, año 2012.0, 3995, año 2013.0, 3608, año 2014.0, 4055, año 2015.0, 9176, año 2015.0, 3619, año 2016.0, 1598, año 2015.0, 230, año 2016.0, 11319, año 2015.0, 7764, año 2016.0, 1175, año 2016.0, 859, año 2015.0, 2322, año 2015.0, 1168, año 2015.0, 1098, año 2015.0, 1563, año 2013.0, 7075, año 2015.0, 467, año 2015.0, 25567, año 2014.0, 7125, año 2015.0, 31211, año 2015.0, 3905, año 2016.0, 6150, año 2015.0, 2741, año 2016.0, 6283, año 2012.0, 6622, año 2015.0, 2359, año 2015.0, 4658, año 2015.0, 6255, año 2015.0, 4911, año 2015.0, 4120, año 2016.0, 6924, año 2015.0, 9, año 2015.0, 233, año 2015.0, 6447, año 2015.0, 8299, año 2015.0, 6065, año 2014.0, 701, año 2015.0, 4341, año 2015.0, 31261, año 2015.0, 3765, año 2016.0, 2252, año 2015.0, 3737, año 2015.0, 2390, año 2015.0, 2231, año 2016.0, 689, año 2016.0, 2739, año 2016.0, 5976, año 2015.0, 8186, año 2015.0, 31107, año 2015.0, 1, año 2015.0, 1572, año 2015.0, 306, año 2015.0, 2381, año 2015.0, 2947, año 2015.0, 1894, año 2016.0, 6446, año 2015.0, 1514, año 2015.0, 1480, año 2016.0, 4650, año 2015.0, 1328, año 2015.0, 1277, año 2015.0, 1, año 2015.0, 1511, año 2015.0, 28, año 2015.0, 2629, año 2016.0, 626, año 2015.0, 3968, año 2015.0, 1, año 2015.0, 752, año 2016.0, 10153, año 2015.0, 31317, año 2015.0, 1620, año 2015.0, 1318, año 2015.0, 1, año 2016.0, 6733, año 2013.0, 372, año 2015.0, 3656, año 2015.0, 1462, año 2010.0, 463, año 2015.0, 824, año 2016.0, 8581, año 2015.0, 921, año 2014.0, 2486, año 2016.0, 3199, año 2016.0, 30869, año 2015.0, 227, año 2015.0, 24, año 2015.0, 4859, año 2016.0, 12404, año 2015.0, 573, año 2015.0, 1452, año 2016.0, 6073, año 2016.0, 7648, año 2015.0, 6887, año 2016.0, 226, año 2015.0, 3129, año 2015.0, 31297, año 2015.0, 7, año 2016.0, 1, año 2015.0, 395, año 2015.0, 467, año 2016.0, 7968, año 2015.0, 1104, año 2017.0, 7928, año 2016.0, 11340, año 2016.0, 1616, año 2016.0, 1391, año 2015.0, 495, año 2015.0, 12051, año 2015.0, 3763, año 2016.0, 1768, año 2016.0, 8101, año 2015.0, 1140, año 2015.0, 351, año 2016.0, 1774, año 2016.0, 2734, año 2016.0, 1930, año 2016.0, 912, año 2016.0, 5168, año 2017.0, 21137, año 2016.0, 1234, año 2016.0, 3376, año 2016.0, 1391, año 2016.0, 1032, año 2015.0, 1578, año 2016.0, 8717, año 2015.0, 6737, año 2015.0, 1970, año 2016.0, 3083, año 2015.0, 53, año 2016.0, 30890, año 2016.0, 2797, año 2016.0, 1515, año 2016.0, 1, año 2016.0, 31006, año 2016.0, 30786, año 2016.0, 6302, año 2016.0, 24647, año 2016.0, 31630, año 2016.0, 4513, año 2016.0, 2374, año 2016.0, 6545, año 2016.0, 5349, año 2016.0, 6166, año 2016.0, 1672, año 2016.0, 27780, año 2016.0, 5443, año 2016.0, 3071, año 2016.0, 6359, año 2016.0, 7526, año 2016.0, 19684, año 2016.0, 6398, año 2016.0, 8577, año 2016.0, 24549, año 2016.0, 1615, año 2016.0, 1248, año 2016.0, 4198, año 2015.0, 4008, año 2016.0, 699, año 2016.0, 6511, año 2017.0, 1180, año 2016.0, 7115, año 2016.0, 1713, año 2016.0, 7527, año 2016.0, 1520, año 2016.0, 2304, año 2016.0, 812, año 2016.0, 536, año 2016.0, 1998, año 2016.0, 27027, año 2016.0, 1498, año 2016.0, 1545, año 2016.0, 6680, año 2016.0, 1, año 2016.0, 26693, año 2016.0, 747, año 2016.0, 2519, año 2016.0, 6226, año 2016.0, 14201, año 2016.0, 1661, año 2016.0, 3851, año 2016.0, 6346, año 2016.0, 7337, año 2016.0, 3970, año 2016.0, 6720, año 2016.0, 1605, año 2016.0, 10971, año 2016.0, 4, año 2016.0, 1538, año 2016.0, 7298, año 2016.0, 12232, año 2016.0, 1710, año 2016.0, 11868, año 2016.0, 6587, año 2016.0, 2359, año 2016.0, 1748, año 2016.0, 2318, año 2016.0, 3865, año 2016.0, 6232, año 2014.0, 912, año 2016.0, 1382, año 2016.0, 5325, año 2016.0, 6430"
Animation & Modeling,"Usuario con más horas jugadas para Género Animation & Modeling : ScottyG555, Horas jugadas: año 2015.0, 168314"
Anime,"Usuario con más horas jugadas para Género Anime : 76561197995146150, Horas jugadas: año 2011.0, 15820, año 2012.0, 122"
Atmospheric,"Usuario con más horas jugadas para Género Atmospheric : 76561198018684159, Horas jugadas: año 2006.0, 1630"
Audio Production,"Usuario con más horas jugadas para Género Audio Production : Lickidactyl, Horas jugadas: año 2014.0, 109916"
Based On A Novel,"Usuario con más horas jugadas para Género Based On A Novel : 76561198018684159, Horas jugadas: año 2006.0, 1630"
Cartoon,"Usuario con más horas jugadas para Género Cartoon : thugnificent, Horas jugadas: año 2015.0, 403"
Casual,"Usuario con más horas jugadas para Género Casual : REBAS_AS_F-T, Horas jugadas: año 2008.0, 1, año 2009.0, 724, año 2010.0, 54, año 2010.0, 1118, año 2010.0, 2621, año 2010.0, 990, año 2011.0, 17, año 2011.0, 2543, año 2011.0, 1659, año 2016.0, 2601, año 2011.0, 7174, año 2012.0, 1097, año 2012.0, 239, año 2013.0, 657, año 2012.0, 1800, año 2012.0, 683, año 2013.0, 3262, año 2011.0, 7, año 2013.0, 3071, año 2013.0, 1285, año 2013.0, 1999, año 2013.0, 823, año 2013.0, 365, año 2014.0, 5214, año 2013.0, 6370, año 2012.0, 2305, año 2014.0, 449, año 2013.0, 1912, año 2014.0, 974, año 2013.0, 53, año 2014.0, 890, año 2014.0, 1577, año 2014.0, 1264, año 2014.0, 3438, año 2014.0, 6253, año 2012.0, 1, año 2015.0, 1271, año 2014.0, 1, año 2014.0, 1281, año 2014.0, 720, año 2014.0, 4466, año 2015.0, 272, año 2014.0, 975, año 2014.0, 122, año 2014.0, 5297, año 2014.0, 3061, año 2012.0, 858, año 2012.0, 2631, año 2013.0, 966, año 2013.0, 2484, año 2014.0, 2311, año 2013.0, 988, año 2014.0, 2076, año 2013.0, 4138, año 2013.0, 1461, año 2014.0, 1765, año 2014.0, 2854, año 2015.0, 4954, año 2010.0, 6820, año 2014.0, 3485, año 2011.0, 6262, año 2011.0, 8922, año 2014.0, 701, año 2014.0, 701, año 2014.0, 701, año 2014.0, 618, año 2014.0, 6681, año 2014.0, 2410, año 2017.0, 58, año 2014.0, 2815, año 2011.0, 14571, año 2015.0, 620, año 2013.0, 24771, año 2014.0, 869, año 2008.0, 1241, año 2009.0, 2146, año 2012.0, 2649, año 2004.0, 6985, año 2014.0, 2210, año 2014.0, 787, año 2013.0, 264, año 2014.0, 30897, año 2015.0, 31237, año 2012.0, 9432, año 2015.0, 4358, año 2013.0, 41884, año 2014.0, 1965, año 2014.0, 624, año 2015.0, 2783, año 2015.0, 4763, año 2014.0, 2178, año 2015.0, 1119, año 2014.0, 2855, año 2015.0, 256, año 2015.0, 13722, año 2011.0, 6942, año 2011.0, 7244, año 2014.0, 104, año 2011.0, 6464, año 2015.0, 2361, año 2015.0, 1144, año 2012.0, 716, año 2015.0, 3213, año 2015.0, 11462, año 2016.0, 9487, año 2015.0, 3658, año 2015.0, 1813, año 2015.0, 30979, año 2014.0, 4652, año 2015.0, 6470, año 2014.0, 242, año 2011.0, 6606, año 2015.0, 1336, año 2015.0, 6431, año 2013.0, 7604, año 2015.0, 1650, año 2016.0, 1450, año 2015.0, 360, año 2012.0, 3316, año 2015.0, 226, año 2012.0, 3995, año 2013.0, 3608, año 2014.0, 4055, año 2015.0, 1, año 2016.0, 11319, año 2015.0, 641, año 2015.0, 2322, año 2015.0, 1812, año 2015.0, 2142, año 2015.0, 1563, año 2015.0, 467, año 2015.0, 25567, año 2015.0, 1357, año 2014.0, 7125, año 2015.0, 31211, año 2015.0, 1371, año 2015.0, 1432, año 2015.0, 2359, año 2015.0, 6255, año 2015.0, 4911, año 2015.0, 4567, año 2016.0, 6924, año 2015.0, 9, año 2015.0, 233, año 2015.0, 6447, año 2015.0, 8299, año 2015.0, 910, año 2014.0, 701, año 2015.0, 4341, año 2015.0, 11, año 2015.0, 1368, año 2016.0, 2252, año 2015.0, 3737, año 2015.0, 2390, año 2015.0, 2231, año 2015.0, 1273, año 2015.0, 3979, año 2015.0, 31107, año 2015.0, 1572, año 2015.0, 2381, año 2016.0, 6446, año 2016.0, 4650, año 2015.0, 1277, año 2015.0, 1, año 2015.0, 1293, año 2015.0, 2629, año 2015.0, 3968, año 2015.0, 1, año 2015.0, 1110, año 2015.0, 6451, año 2016.0, 10153, año 2015.0, 6686, año 2015.0, 1462, año 2010.0, 463, año 2011.0, 6167, año 2016.0, 30869, año 2015.0, 227, año 2015.0, 4859, año 2015.0, 573, año 2016.0, 9385, año 2016.0, 6073, año 2015.0, 532, año 2015.0, 6460, año 2016.0, 37, año 2016.0, 1, año 2015.0, 395, año 2016.0, 5556, año 2016.0, 7076, año 2015.0, 2117, año 2015.0, 495, año 2015.0, 1140, año 2015.0, 3142, año 2016.0, 5383, año 2016.0, 2734, año 2016.0, 5168, año 2016.0, 2413, año 2016.0, 1391, año 2016.0, 1032, año 2016.0, 7331, año 2016.0, 8717, año 2016.0, 324, año 2015.0, 1970, año 2015.0, 53, año 2016.0, 1515, año 2016.0, 1, año 2016.0, 1, año 2016.0, 24647, año 2016.0, 2374, año 2016.0, 7201, año 2016.0, 36617, año 2016.0, 6350, año 2016.0, 3705, año 2016.0, 1814, año 2016.0, 27780, año 2016.0, 5443, año 2011.0, 6623, año 2016.0, 1537, año 2016.0, 33, año 2016.0, 9392, año 2016.0, 3321, año 2016.0, 1728, año 2016.0, 6511, año 2016.0, 2416, año 2016.0, 4269, año 2016.0, 2632, año 2016.0, 4006, año 2016.0, 6064, año 2016.0, 1520, año 2016.0, 12356, año 2016.0, 7164, año 2016.0, 812, año 2016.0, 30, año 2016.0, 27027, año 2016.0, 1498, año 2016.0, 8834, año 2016.0, 1099, año 2016.0, 1, año 2016.0, 10557, año 2016.0, 747, año 2016.0, 6226, año 2016.0, 434, año 2016.0, 569, año 2016.0, 8371, año 2016.0, 1661, año 2016.0, 6346, año 2016.0, 7337, año 2016.0, 2039, año 2015.0, 13500, año 2016.0, 19981, año 2016.0, 2273, año 2016.0, 1605, año 2016.0, 4, año 2016.0, 2041, año 2016.0, 13289, año 2016.0, 6587, año 2016.0, 938, año 2016.0, 24009, año 2016.0, 6232, año 2016.0, 2114, año 2015.0, 7136, año 2016.0, 6430"
Classic,"Usuario con más horas jugadas para Género Classic : 76561197995146150, Horas jugadas: año 2011.0, 15820, año 2012.0, 122"
Co-op,"Usuario con más horas jugadas para Género Co-op : 76561198096003148, Horas jugadas: año 2015.0, 607"
Colorful,"Usuario con más horas jugadas para Género Colorful : 76561198083612270, Horas jugadas: año 2012.0, 117, año 2012.0, 24547"
Comedy,"Usuario con más horas jugadas para Género Comedy : 76561198042170355, Horas jugadas: año 2015.0, 10467"
Comic Book,"Usuario con más horas jugadas para Género Comic Book : Ppkdoevil, Horas jugadas: año 2015.0, 60, año 2015.0, 60"
Competitive,"Usuario con más horas jugadas para Género Competitive : 76561197970953564, Horas jugadas: año 2015.0, 137"
Controller,"Usuario con más horas jugadas para Género Controller : 76561197995146150, Horas jugadas: año 2011.0, 15820"
Crime,"Usuario con más horas jugadas para Género Crime : kraken257, Horas jugadas: año 2015.0, 177"
Cyberpunk,"Usuario con más horas jugadas para Género Cyberpunk : 76561198042170355, Horas jugadas: año 2015.0, 10467"
Dark,"Usuario con más horas jugadas para Género Dark : 76561198018684159, Horas jugadas: año 2006.0, 1630"
Dark Comedy,"Usuario con más horas jugadas para Género Dark Comedy : goldghost, Horas jugadas: año 2015.0, 33, año 2012.0, 14"
Design & Illustration,"Usuario con más horas jugadas para Género Design & Illustration : ScottyG555, Horas jugadas: año 2015.0, 168314"
Difficult,"Usuario con más horas jugadas para Género Difficult : 76561198018684159, Horas jugadas: año 2006.0, 1630"
Dinosaurs,"Usuario con más horas jugadas para Género Dinosaurs : 76561198042170355, Horas jugadas: año 2015.0, 10467"
Documentary,"Usuario con más horas jugadas para Género Documentary : JinDoritos, Horas jugadas: año 2014.0, 163777"
Drama,"Usuario con más horas jugadas para Género Drama : 91828382991, Horas jugadas: año 2015.0, 4861"
Dynamic Narration,"Usuario con más horas jugadas para Género Dynamic Narration : panelata, Horas jugadas: año 2016.0, 195"
Early Access,"Usuario con más horas jugadas para Género Early Access : 76561197978756659, Horas jugadas: año 2013.0, 299191, año 2013.0, 17595, año 2015.0, 183"
Education,"Usuario con más horas jugadas para Género Education : 76561198059330972, Horas jugadas: año 2013.0, 65427"
Episodic,"Usuario con más horas jugadas para Género Episodic : 91828382991, Horas jugadas: año 2015.0, 4861"
FMV,"Usuario con más horas jugadas para Género FMV : panelata, Horas jugadas: año 2016.0, 195"
FPS,"Usuario con más horas jugadas para Género FPS : 91828382991, Horas jugadas: año 2015.0, 4861"
Family Friendly,"Usuario con más horas jugadas para Género Family Friendly : 76561198083612270, Horas jugadas: año 2011.0, 114, año 2012.0, 117, año 2012.0, 24547"
Fantasy,"Usuario con más horas jugadas para Género Fantasy : 76561197999306529, Horas jugadas: año 2000.0, 1941, año 2000.0, 1941"
Fast-Paced,"Usuario con más horas jugadas para Género Fast-Paced : 76561198083612270, Horas jugadas: año 2011.0, 114, año 2012.0, 117, año 2012.0, 24547"
Feature Film,"Usuario con más horas jugadas para Género Feature Film : 76561198057283559, Horas jugadas: año 2015.0, 1964"
Female Protagonist,"Usuario con más horas jugadas para Género Female Protagonist : 76561197995146150, Horas jugadas: año 2011.0, 15820"
Fighting,"Usuario con más horas jugadas para Género Fighting : 76561198042170355, Horas jugadas: año 2015.0, 10467"
First-Person,"Usuario con más horas jugadas para Género First-Person : 91828382991, Horas jugadas: año 2015.0, 4861"
Football,"Usuario con más horas jugadas para Género Football : Furms, Horas jugadas: año 2015.0, 874"
Free to Play,"Usuario con más horas jugadas para Género Free to Play : idonothack, Horas jugadas: año 2017.0, 536, año 2012.0, 1794, año 2013.0, 64, año 2011.0, 8, año 2014.0, 4, año 2014.0, 564, año 2013.0, 29850, año 2006.0, 18, año 2014.0, 27, año 2014.0, 390, año 2015.0, 40, año 2017.0, 1639, año 2015.0, 149, año 2015.0, 21, año 2014.0, 8, año 2015.0, 278060, año 2015.0, 1, año 2014.0, 1, año 2015.0, 228, año 2015.0, 333482, año 2015.0, 1, año 2015.0, 2, año 2015.0, 335, año 2015.0, 541, año 2015.0, 128693, año 2017.0, 147, año 2015.0, 15446, año 2015.0, 27, año 2016.0, 16166"
Funny,"Usuario con más horas jugadas para Género Funny : 76561198042170355, Horas jugadas: año 2015.0, 10467"
Game Development,"Usuario con más horas jugadas para Género Game Development : Furms, Horas jugadas: año 2015.0, 874"
GameMaker,"Usuario con más horas jugadas para Género GameMaker : panelata, Horas jugadas: año 2016.0, 195"
Games Workshop,"Usuario con más horas jugadas para Género Games Workshop : 91828382991, Horas jugadas: año 2015.0, 4861"
Gaming,"Usuario con más horas jugadas para Género Gaming : 91828382991, Horas jugadas: año 2015.0, 4861"
Gore,"Usuario con más horas jugadas para Género Gore : 76561198042170355, Horas jugadas: año 2006.0, 132, año 2015.0, 10467"
Great Soundtrack,"Usuario con más horas jugadas para Género Great Soundtrack : 76561198083612270, Horas jugadas: año 2011.0, 114, año 2012.0, 117, año 2012.0, 24547"
Hack and Slash,"Usuario con más horas jugadas para Género Hack and Slash : lilnobody, Horas jugadas: año 2016.0, 1611"
Hacking,"Usuario con más horas jugadas para Género Hacking : 76561198017950800, Horas jugadas: año 2015.0, 720"
Heist,"Usuario con más horas jugadas para Género Heist : kraken257, Horas jugadas: año 2015.0, 177"
Hidden Object,"Usuario con más horas jugadas para Género Hidden Object : 76561198084694331, Horas jugadas: año 2009.0, 488"
Horror,"Usuario con más horas jugadas para Género Horror : 76561198057283559, Horas jugadas: año 2015.0, 1964"
Indie,"Usuario con más horas jugadas para Género Indie : REBAS_AS_F-T, Horas jugadas: año 2006.0, 1673, año 2008.0, 125, año 2009.0, 724, año 2009.0, 4, año 2009.0, 1963, año 2009.0, 3034, año 2009.0, 467, año 2010.0, 54, año 2010.0, 1694, año 2010.0, 1118, año 2009.0, 20, año 2010.0, 2621, año 2010.0, 5, año 2010.0, 1294, año 2010.0, 990, año 2011.0, 3519, año 2011.0, 53, año 2011.0, 17, año 2011.0, 4939, año 2011.0, 994, año 2011.0, 2543, año 2011.0, 457, año 2011.0, 1956, año 2011.0, 1659, año 2011.0, 343, año 2011.0, 3314, año 2011.0, 3868, año 2016.0, 2601, año 2011.0, 15, año 2011.0, 1781, año 2012.0, 9049, año 2011.0, 88, año 2011.0, 3091, año 2011.0, 80, año 2011.0, 3073, año 2011.0, 1610, año 2011.0, 22, año 2012.0, 1097, año 2012.0, 713, año 2012.0, 3148, año 2012.0, 239, año 2012.0, 2090, año 2012.0, 30863, año 2013.0, 1956, año 2012.0, 820, año 2012.0, 11283, año 2012.0, 9578, año 2011.0, 1096, año 2012.0, 2681, año 2011.0, 4467, año 2012.0, 183, año 2012.0, 1080, año 2013.0, 333, año 2012.0, 3126, año 2012.0, 1, año 2012.0, 1458, año 2012.0, 7161, año 2003.0, 1863, año 2012.0, 2394, año 2012.0, 683, año 2012.0, 1692, año 2013.0, 3262, año 2013.0, 2283, año 2013.0, 1025, año 2011.0, 31, año 2014.0, 8788, año 2014.0, 223, año 2015.0, 5930, año 2014.0, 16, año 2012.0, 4000, año 2007.0, 1070, año 2013.0, 3071, año 2013.0, 6598, año 2013.0, 1285, año 2014.0, 2083, año 2013.0, 3195, año 2013.0, 1999, año 2013.0, 823, año 2013.0, 900, año 2013.0, 2479, año 2013.0, 4688, año 2013.0, 2319, año 2013.0, 2016, año 2012.0, 1279, año 2014.0, 2702, año 2013.0, 1062, año 2013.0, 6926, año 2013.0, 365, año 2014.0, 5214, año 2013.0, 6370, año 2013.0, 1148, año 2013.0, 30944, año 2017.0, 327, año 2014.0, 1779, año 2013.0, 4318, año 2014.0, 1563, año 2012.0, 1184, año 2016.0, 8624, año 2013.0, 2629, año 2013.0, 8062, año 2013.0, 1245, año 2013.0, 1197, año 2016.0, 2426, año 2013.0, 4556, año 2014.0, 4223, año 2012.0, 1023, año 2013.0, 1004, año 2013.0, 2413, año 2014.0, 170, año 2014.0, 4558, año 2013.0, 2215, año 2014.0, 945, año 2013.0, 13982, año 2012.0, 10600, año 2011.0, 498, año 2009.0, 7255, año 2014.0, 449, año 2013.0, 1912, año 2013.0, 3210, año 2014.0, 974, año 2014.0, 373, año 2013.0, 367, año 2014.0, 1505, año 2013.0, 53, año 2014.0, 890, año 2014.0, 4851, año 2014.0, 1044, año 2015.0, 507, año 2014.0, 5118, año 2014.0, 548, año 2012.0, 1216, año 2014.0, 153, año 2014.0, 183, año 2016.0, 7943, año 2014.0, 3904, año 2013.0, 1168, año 2014.0, 1577, año 2014.0, 1264, año 2014.0, 3092, año 2014.0, 4472, año 2014.0, 1386, año 2012.0, 1572, año 2009.0, 6688, año 2014.0, 1676, año 2014.0, 1381, año 2014.0, 3039, año 2014.0, 4, año 2014.0, 3438, año 2014.0, 6253, año 2014.0, 3852, año 2014.0, 1238, año 2015.0, 1271, año 2014.0, 1168, año 2014.0, 5974, año 2014.0, 7417, año 2014.0, 2521, año 2014.0, 3327, año 2014.0, 1281, año 2014.0, 1060, año 2014.0, 720, año 2015.0, 3151, año 2014.0, 6185, año 2015.0, 272, año 2014.0, 122, año 2014.0, 5297, año 2014.0, 716, año 2015.0, 405, año 2013.0, 6091, año 2014.0, 3061, año 2014.0, 10872, año 2015.0, 31061, año 2014.0, 775, año 2014.0, 1765, año 2015.0, 1061, año 2014.0, 2922, año 2014.0, 344, año 2014.0, 2854, año 2014.0, 1745, año 2014.0, 1097, año 2015.0, 4954, año 2014.0, 1604, año 2010.0, 6820, año 2016.0, 1763, año 2014.0, 3485, año 2014.0, 770, año 2011.0, 6262, año 2015.0, 1413, año 2011.0, 8922, año 2011.0, 7731, año 2014.0, 68, año 2014.0, 257, año 2014.0, 701, año 2014.0, 701, año 2014.0, 701, año 2015.0, 23717, año 2014.0, 2077, año 2014.0, 1042, año 2016.0, 2524, año 2014.0, 3745, año 2014.0, 1, año 2010.0, 6427, año 2015.0, 1745, año 2014.0, 6681, año 2014.0, 2597, año 2014.0, 2410, año 2017.0, 58, año 2014.0, 4693, año 2014.0, 2815, año 2015.0, 1689, año 2015.0, 595, año 2015.0, 620, año 2014.0, 222, año 2014.0, 5507, año 2015.0, 1612, año 2013.0, 6829, año 2014.0, 581, año 2014.0, 4257, año 2014.0, 28, año 2014.0, 869, año 2009.0, 6692, año 2016.0, 3535, año 2008.0, 1241, año 2009.0, 2146, año 2012.0, 2649, año 2014.0, 1057, año 2015.0, 1687, año 2013.0, 798, año 2014.0, 57, año 2014.0, 816, año 2013.0, 9644, año 2014.0, 964, año 2016.0, 2796, año 2014.0, 3449, año 2015.0, 1962, año 2015.0, 172, año 2014.0, 1529, año 2014.0, 4502, año 2014.0, 5610, año 2013.0, 264, año 2015.0, 218, año 2016.0, 1377, año 2014.0, 352, año 2015.0, 4720, año 2015.0, 1042, año 2017.0, 2262, año 2014.0, 30897, año 2014.0, 1666, año 2015.0, 1554, año 2012.0, 9432, año 2014.0, 1180, año 2016.0, 1741, año 2015.0, 4358, año 2015.0, 6315, año 2014.0, 2294, año 2014.0, 170, año 2014.0, 4009, año 2014.0, 4285, año 2015.0, 1262, año 2015.0, 1178, año 2010.0, 1, año 2014.0, 624, año 2014.0, 1534, año 2015.0, 1505, año 2015.0, 6, año 2015.0, 2783, año 2015.0, 4763, año 2014.0, 4301, año 2014.0, 2178, año 2012.0, 6493, año 2014.0, 6377, año 2015.0, 1119, año 2014.0, 1187, año 2014.0, 2855, año 2015.0, 4493, año 2015.0, 13722, año 2015.0, 8767, año 2011.0, 6942, año 2011.0, 7244, año 2014.0, 104, año 2014.0, 2821, año 2014.0, 1, año 2014.0, 4141, año 2015.0, 518, año 2011.0, 6464, año 2014.0, 12843, año 2015.0, 2361, año 2015.0, 2797, año 2015.0, 6449, año 2015.0, 3727, año 2015.0, 1210, año 2014.0, 56, año 2015.0, 985, año 2012.0, 5023, año 2015.0, 33, año 2015.0, 1883, año 2012.0, 716, año 2015.0, 6151, año 2014.0, 2276, año 2013.0, 1627, año 2015.0, 10604, año 2015.0, 909, año 2015.0, 14108, año 2015.0, 165, año 2016.0, 9487, año 2017.0, 1399, año 2017.0, 55, año 2014.0, 981, año 2015.0, 3945, año 2015.0, 3658, año 2015.0, 1813, año 2015.0, 30979, año 2014.0, 4652, año 2015.0, 6470, año 2014.0, 242, año 2001.0, 11, año 2015.0, 31139, año 2014.0, 6431, año 2015.0, 7393, año 2015.0, 1960, año 2011.0, 6606, año 2015.0, 1336, año 2015.0, 4855, año 2015.0, 6431, año 2015.0, 31303, año 2015.0, 945, año 2016.0, 53, año 2015.0, 5673, año 2015.0, 1650, año 2015.0, 360, año 2012.0, 3316, año 2015.0, 226, año 2015.0, 6130, año 2015.0, 11, año 2015.0, 308, año 2015.0, 226, año 2015.0, 564, año 2015.0, 7403, año 2012.0, 3995, año 2013.0, 3608, año 2014.0, 4055, año 2015.0, 3619, año 2016.0, 1598, año 2015.0, 230, año 2016.0, 11319, año 2015.0, 641, año 2015.0, 4329, año 2015.0, 2322, año 2015.0, 1168, año 2015.0, 1098, año 2015.0, 6411, año 2015.0, 2066, año 2015.0, 1563, año 2013.0, 7075, año 2015.0, 25567, año 2015.0, 4679, año 2015.0, 31136, año 2014.0, 7125, año 2015.0, 31211, año 2015.0, 367, año 2016.0, 6150, año 2015.0, 833, año 2016.0, 11958, año 2012.0, 6622, año 2015.0, 1432, año 2015.0, 2359, año 2015.0, 4658, año 2015.0, 42, año 2015.0, 6255, año 2015.0, 4120, año 2016.0, 6924, año 2015.0, 9, año 2015.0, 233, año 2015.0, 6447, año 2015.0, 8299, año 2016.0, 7613, año 2015.0, 6065, año 2015.0, 910, año 2014.0, 701, año 2015.0, 24, año 2015.0, 4341, año 2015.0, 31261, año 2015.0, 11, año 2015.0, 1743, año 2015.0, 3765, año 2015.0, 844, año 2015.0, 1368, año 2016.0, 2010, año 2015.0, 3737, año 2014.0, 1006, año 2015.0, 922, año 2015.0, 9163, año 2016.0, 689, año 2015.0, 809, año 2015.0, 1074, año 2015.0, 10379, año 2015.0, 27, año 2015.0, 659, año 2015.0, 31107, año 2016.0, 1597, año 2015.0, 6412, año 2017.0, 697, año 2015.0, 784, año 2015.0, 6149, año 2015.0, 8, año 2015.0, 1572, año 2015.0, 1894, año 2016.0, 6446, año 2015.0, 1514, año 2016.0, 1410, año 2015.0, 1480, año 2016.0, 4650, año 2015.0, 1328, año 2015.0, 1277, año 2015.0, 28, año 2016.0, 626, año 2016.0, 3147, año 2015.0, 1137, año 2015.0, 3968, año 2015.0, 1, año 2015.0, 752, año 2015.0, 1110, año 2015.0, 6451, año 2016.0, 10153, año 2016.0, 1, año 2015.0, 1318, año 2015.0, 6686, año 2016.0, 6733, año 2015.0, 1487, año 2015.0, 879, año 2015.0, 3656, año 2010.0, 463, año 2015.0, 921, año 2014.0, 2486, año 2016.0, 3199, año 2011.0, 6167, año 2016.0, 30869, año 2015.0, 227, año 2015.0, 2678, año 2015.0, 24, año 2016.0, 948, año 2015.0, 4859, año 2015.0, 762, año 2015.0, 573, año 2015.0, 1452, año 2016.0, 9385, año 2016.0, 6073, año 2017.0, 24, año 2015.0, 2456, año 2015.0, 6460, año 2015.0, 6887, año 2015.0, 5, año 2015.0, 7, año 2015.0, 1141, año 2016.0, 4908, año 2015.0, 6177, año 2015.0, 395, año 2015.0, 467, año 2016.0, 1, año 2016.0, 7968, año 2015.0, 1104, año 2017.0, 7928, año 2016.0, 5556, año 2016.0, 11340, año 2016.0, 1616, año 2015.0, 3305, año 2016.0, 699, año 2015.0, 2117, año 2015.0, 495, año 2015.0, 12051, año 2016.0, 7784, año 2015.0, 1140, año 2015.0, 351, año 2015.0, 3142, año 2014.0, 2238, año 2016.0, 7819, año 2016.0, 5383, año 2016.0, 2734, año 2016.0, 1133, año 2016.0, 5168, año 2017.0, 21137, año 2016.0, 1234, año 2016.0, 2413, año 2016.0, 33, año 2016.0, 1032, año 2015.0, 86, año 2016.0, 7331, año 2015.0, 1578, año 2016.0, 8717, año 2016.0, 324, año 2015.0, 6737, año 2016.0, 12, año 2015.0, 1970, año 2016.0, 3083, año 2016.0, 1918, año 2015.0, 53, año 2016.0, 30890, año 2016.0, 1515, año 2016.0, 31006, año 2016.0, 30786, año 2016.0, 6504, año 2016.0, 3797, año 2016.0, 6302, año 2016.0, 24647, año 2016.0, 4513, año 2016.0, 2374, año 2013.0, 35, año 2016.0, 36617, año 2016.0, 43, año 2016.0, 6350, año 2016.0, 3705, año 2016.0, 1180, año 2016.0, 1814, año 2016.0, 6166, año 2016.0, 3278, año 2016.0, 6456, año 2016.0, 5443, año 2016.0, 6359, año 2016.0, 702, año 2016.0, 30889, año 2016.0, 19684, año 2016.0, 1537, año 2016.0, 6398, año 2016.0, 33, año 2016.0, 8577, año 2016.0, 8842, año 2016.0, 1615, año 2016.0, 3064, año 2016.0, 1248, año 2016.0, 3321, año 2016.0, 4198, año 2016.0, 1728, año 2015.0, 4008, año 2016.0, 699, año 2016.0, 2547, año 2016.0, 7115, año 2016.0, 2632, año 2016.0, 1520, año 2016.0, 2304, año 2016.0, 6215, año 2016.0, 12356, año 2016.0, 7164, año 2016.0, 812, año 2016.0, 536, año 2016.0, 1998, año 2016.0, 30, año 2016.0, 1498, año 2016.0, 1545, año 2016.0, 8834, año 2016.0, 1, año 2016.0, 1904, año 2016.0, 10557, año 2016.0, 747, año 2016.0, 2519, año 2016.0, 6226, año 2016.0, 434, año 2016.0, 14201, año 2016.0, 569, año 2016.0, 8371, año 2016.0, 1661, año 2016.0, 6346, año 2016.0, 273, año 2016.0, 7337, año 2016.0, 2039, año 2015.0, 13500, año 2016.0, 19981, año 2016.0, 3970, año 2016.0, 2273, año 2016.0, 10971, año 2016.0, 1538, año 2016.0, 2041, año 2016.0, 3274, año 2016.0, 13289, año 2016.0, 3273, año 2016.0, 6587, año 2016.0, 938, año 2016.0, 2359, año 2016.0, 24009, año 2016.0, 2318, año 2016.0, 3865, año 2016.0, 6232, año 2014.0, 912, año 2016.0, 2114, año 2016.0, 1382, año 2011.0, 4303, año 2015.0, 7136, año 2016.0, 6430"
Kickstarter,"Usuario con más horas jugadas para Género Kickstarter : 76561198042170355, Horas jugadas: año 2015.0, 10467"
Linear,"Usuario con más horas jugadas para Género Linear : panelata, Horas jugadas: año 2016.0, 195"
Lovecraftian,"Usuario con más horas jugadas para Género Lovecraftian : 76561198018684159, Horas jugadas: año 2006.0, 1630"
MOBA,"Usuario con más horas jugadas para Género MOBA : 76561197970953564, Horas jugadas: año 2015.0, 137"
Magic,"Usuario con más horas jugadas para Género Magic : 76561197999306529, Horas jugadas: año 2000.0, 1941, año 2000.0, 1941"
Martial Arts,"Usuario con más horas jugadas para Género Martial Arts : 76561198042170355, Horas jugadas: año 2015.0, 10467"
Massively Multiplayer,"Usuario con más horas jugadas para Género Massively Multiplayer : Evilutional, Horas jugadas: año 2013.0, 38, año 2012.0, 1031, año 2012.0, 635295, año 2012.0, 33763, año 2017.0, 10530, año 2016.0, 1291, año 2015.0, 6312"
Mature,"Usuario con más horas jugadas para Género Mature : reyne_boyce, Horas jugadas: año 2015.0, 100"
Memes,"Usuario con más horas jugadas para Género Memes : 76561197995146150, Horas jugadas: año 2011.0, 15820"
Movie,"Usuario con más horas jugadas para Género Movie : 76561198057283559, Horas jugadas: año 2015.0, 1964"
Multiplayer,"Usuario con más horas jugadas para Género Multiplayer : 91828382991, Horas jugadas: año 2015.0, 4861"
Mystery,"Usuario con más horas jugadas para Género Mystery : goldghost, Horas jugadas: año 2015.0, 33"
Narration,"Usuario con más horas jugadas para Género Narration : panelata, Horas jugadas: año 2016.0, 195"
Nudity,"Usuario con más horas jugadas para Género Nudity : rokudoan, Horas jugadas: año 2014.0, 19"
Online Co-Op,"Usuario con más horas jugadas para Género Online Co-Op : 91828382991, Horas jugadas: año 2015.0, 4861"
Open World,"Usuario con más horas jugadas para Género Open World : 76561197995146150, Horas jugadas: año 2011.0, 15820"
Parody,"Usuario con más horas jugadas para Género Parody : 76561198042170355, Horas jugadas: año 2015.0, 10467"
Photo Editing,"Usuario con más horas jugadas para Género Photo Editing : Sky_Wolf, Horas jugadas: año 2014.0, 21885"
Physics,"Usuario con más horas jugadas para Género Physics : 91828382991, Horas jugadas: año 2015.0, 4861"
Pixel Graphics,"Usuario con más horas jugadas para Género Pixel Graphics : 91828382991, Horas jugadas: año 2015.0, 4861"
Platformer,"Usuario con más horas jugadas para Género Platformer : 76561198083612270, Horas jugadas: año 2011.0, 114, año 2012.0, 117, año 2012.0, 24547"
Political,"Usuario con más horas jugadas para Género Political : 76561198021142819, Horas jugadas: año 2016.0, 4"
Politics,"Usuario con más horas jugadas para Género Politics : 76561198021142819, Horas jugadas: año 2016.0, 4"
Post-apocalyptic,"Usuario con más horas jugadas para Género Post-apocalyptic : Gigglestik, Horas jugadas: año 2015.0, 225"
Puzzle,"Usuario con más horas jugadas para Género Puzzle : 76561198084694331, Horas jugadas: año 2009.0, 488"
RPG,"Usuario con más horas jugadas para Género RPG : shinomegami, Horas jugadas: año 2003.0, 530882, año 2006.0, 1744, año 2009.0, 93, año 2009.0, 66, año 2008.0, 144, año 2009.0, 831, año 2010.0, 182, año 2011.0, 13732, año 2011.0, 134, año 2011.0, 366, año 2011.0, 988, año 2011.0, 145, año 2011.0, 496, año 2011.0, 136, año 2006.0, 137, año 2013.0, 128, año 2012.0, 145, año 2012.0, 300, año 2012.0, 677, año 2008.0, 1161, año 2011.0, 76, año 2011.0, 1384, año 2011.0, 109, año 2012.0, 4403, año 2012.0, 56, año 2012.0, 56, año 2007.0, 2428, año 2004.0, 696, año 2010.0, 2194, año 2013.0, 56, año 2013.0, 1009, año 2013.0, 1161, año 2013.0, 32174, año 2016.0, 1321, año 2015.0, 64278, año 2013.0, 705, año 2013.0, 585, año 1999.0, 301, año 2013.0, 228, año 2013.0, 76, año 2013.0, 105, año 2013.0, 136, año 2013.0, 245, año 2012.0, 1287, año 2012.0, 2425, año 2014.0, 76, año 2013.0, 176, año 2013.0, 137, año 1999.0, 76, año 2003.0, 61, año 2012.0, 508, año 2013.0, 162, año 2013.0, 279, año 2013.0, 1601, año 2013.0, 63336, año 2012.0, 2042, año 2013.0, 160, año 2013.0, 195, año 2014.0, 170, año 2012.0, 55, año 2012.0, 71, año 2012.0, 198, año 2013.0, 2042, año 2010.0, 18783, año 2010.0, 18313, año 2014.0, 2, año 2013.0, 1349, año 2014.0, 71, año 2015.0, 152, año 2014.0, 240, año 2013.0, 1235, año 2013.0, 136, año 2013.0, 279, año 2014.0, 1426, año 2014.0, 304, año 2014.0, 443, año 2014.0, 79, año 2014.0, 62, año 2014.0, 249, año 2015.0, 137, año 2016.0, 14229, año 2014.0, 106, año 2014.0, 342, año 2014.0, 442, año 2014.0, 1030, año 2014.0, 88, año 2014.0, 239, año 2014.0, 321, año 2012.0, 596, año 2014.0, 493, año 2014.0, 64580, año 2010.0, 1, año 2005.0, 185, año 2014.0, 177, año 2014.0, 1274, año 2014.0, 185, año 2014.0, 356, año 2007.0, 65620, año 2006.0, 142, año 2009.0, 392, año 2007.0, 66972, año 2015.0, 210, año 2011.0, 186, año 2014.0, 137, año 2014.0, 147, año 2014.0, 2149, año 2014.0, 519, año 2014.0, 30, año 2014.0, 109, año 2014.0, 95, año 2014.0, 99, año 2014.0, 147, año 2015.0, 136, año 2014.0, 1934, año 2010.0, 1934, año 2015.0, 45584, año 2014.0, 1, año 2013.0, 45, año 2014.0, 192, año 2014.0, 136, año 2014.0, 1, año 2014.0, 1, año 2014.0, 362, año 2013.0, 35, año 2014.0, 555, año 2015.0, 2, año 2015.0, 54, año 2014.0, 2570, año 2015.0, 135, año 2015.0, 220, año 2015.0, 83, año 2015.0, 2, año 2015.0, 137, año 2015.0, 154, año 2015.0, 135"
RTS,"Usuario con más horas jugadas para Género RTS : 76561197999306529, Horas jugadas: año 2000.0, 1941, año 2000.0, 1941"
Racing,"Usuario con más horas jugadas para Género Racing : DownSyndromeKid, Horas jugadas: año 2006.0, 73946, año 2007.0, 73914, año 2007.0, 73900, año 2008.0, 73890, año 2011.0, 73847, año 2011.0, 73842, año 2011.0, 73837, año 2011.0, 73835, año 2008.0, 73817, año 2013.0, 74271, año 2014.0, 665, año 2005.0, 91, año 1995.0, 318, año 2015.0, 245, año 2015.0, 95, año 2014.0, 156, año 2015.0, 260, año 2015.0, 649, año 2016.0, 90, año 2006.0, 607, año 2015.0, 101, año 2015.0, 414, año 2015.0, 155, año 2016.0, 95, año 2015.0, 236, año 2014.0, 169"
Real-Time,"Usuario con más horas jugadas para Género Real-Time : 76561197999306529, Horas jugadas: año 2000.0, 1941, año 2000.0, 1941"
Remake,"Usuario con más horas jugadas para Género Remake : 76561198040188061, Horas jugadas: año 2012.0, 4016"
Replay Value,"Usuario con más horas jugadas para Género Replay Value : 76561197995146150, Horas jugadas: año 2011.0, 15820"
Retro,"Usuario con más horas jugadas para Género Retro : 76561197995146150, Horas jugadas: año 2011.0, 15820, año 2012.0, 122"
Rogue-like,"Usuario con más horas jugadas para Género Rogue-like : lilnobody, Horas jugadas: año 2016.0, 1611"
Rogue-lite,"Usuario con más horas jugadas para Género Rogue-lite : lilnobody, Horas jugadas: año 2016.0, 1611"
Romance,"Usuario con más horas jugadas para Género Romance : phrostb, Horas jugadas: año 2015.0, 1283"
Sci-fi,"Usuario con más horas jugadas para Género Sci-fi : 76561198042170355, Horas jugadas: año 2015.0, 10467"
Shooter,"Usuario con más horas jugadas para Género Shooter : 91828382991, Horas jugadas: año 2015.0, 4861"
Short,"Usuario con más horas jugadas para Género Short : 76561198042170355, Horas jugadas: año 2015.0, 10467"
Side Scroller,"Usuario con más horas jugadas para Género Side Scroller : 76561198040188061, Horas jugadas: año 2012.0, 4016"
Simulation,"Usuario con más horas jugadas para Género Simulation : jimmynoe, Horas jugadas: año 2006.0, 551719, año 2003.0, 10, año 2011.0, 416471, año 2011.0, 115, año 2012.0, 1592, año 2013.0, 80, año 2011.0, 1457, año 2016.0, 3937, año 2015.0, 3854, año 2013.0, 2, año 2015.0, 2032, año 2013.0, 473, año 2014.0, 839, año 2013.0, 559, año 2013.0, 637, año 2009.0, 15, año 2015.0, 39, año 2015.0, 67885, año 2015.0, 2, año 2016.0, 10412"
Singleplayer,"Usuario con más horas jugadas para Género Singleplayer : 76561198083612270, Horas jugadas: año 2011.0, 114, año 2012.0, 117, año 2012.0, 24547"
Soccer,"Usuario con más horas jugadas para Género Soccer : Furms, Horas jugadas: año 2015.0, 874"
Software Training,"Usuario con más horas jugadas para Género Software Training : Lickidactyl, Horas jugadas: año 2014.0, 109916"
Soundtrack,"Usuario con más horas jugadas para Género Soundtrack : panelata, Horas jugadas: año 2016.0, 195"
Sports,"Usuario con más horas jugadas para Género Sports : 76561197995725436, Horas jugadas: año 2012.0, 40941, año 2013.0, 79186, año 2014.0, 71134, año 2014.0, 1945"
Stealth,"Usuario con más horas jugadas para Género Stealth : 76561198018684159, Horas jugadas: año 2006.0, 1630"
Story Rich,"Usuario con más horas jugadas para Género Story Rich : 76561197995146150, Horas jugadas: año 2011.0, 15820"
Strategy,"Usuario con más horas jugadas para Género Strategy : shinomegami, Horas jugadas: año 2003.0, 530882, año 1995.0, 20485, año 1993.0, 22001, año 2009.0, 2, año 2009.0, 93, año 2009.0, 49, año 2009.0, 3178, año 2010.0, 9110, año 2010.0, 359, año 2010.0, 2428, año 2011.0, 1783, año 2011.0, 139, año 2011.0, 387, año 2011.0, 76, año 2011.0, 1088, año 2011.0, 603, año 2012.0, 134, año 2013.0, 1, año 2012.0, 915, año 2012.0, 878, año 2012.0, 2195, año 2012.0, 2, año 2012.0, 145, año 2012.0, 219, año 2012.0, 277, año 2012.0, 193, año 2012.0, 379, año 1999.0, 14, año 2012.0, 563, año 2011.0, 1384, año 2009.0, 875, año 2012.0, 3735, año 2012.0, 1576, año 2012.0, 64289, año 2012.0, 118, año 2009.0, 2042, año 2010.0, 1, año 2012.0, 91, año 2004.0, 696, año 2010.0, 2194, año 2006.0, 2, año 2013.0, 112, año 2012.0, 2176, año 2013.0, 56, año 2013.0, 93, año 2012.0, 1934, año 2016.0, 1321, año 2013.0, 4690, año 2013.0, 579, año 2013.0, 2273, año 2013.0, 705, año 2013.0, 6509, año 2013.0, 787, año 2013.0, 159, año 2013.0, 585, año 2009.0, 1810, año 2013.0, 228, año 2013.0, 1230, año 2013.0, 411, año 2013.0, 76, año 2013.0, 71, año 2013.0, 144, año 2011.0, 471, año 2009.0, 2426, año 2013.0, 445, año 2013.0, 178, año 2014.0, 76, año 2012.0, 2545, año 2014.0, 424, año 2013.0, 2, año 2016.0, 57, año 2007.0, 234, año 2013.0, 50, año 2013.0, 73, año 2013.0, 53533, año 2015.0, 398, año 2013.0, 294, año 2013.0, 162, año 2013.0, 99, año 2013.0, 279, año 2011.0, 268, año 2013.0, 148, año 2014.0, 170, año 2013.0, 498, año 2010.0, 18783, año 2010.0, 18313, año 2002.0, 2434, año 2012.0, 223, año 2014.0, 1426, año 2014.0, 304, año 2014.0, 112, año 2001.0, 2, año 2014.0, 249, año 2015.0, 137, año 2014.0, 79, año 2014.0, 342, año 2014.0, 106, año 2013.0, 2313, año 2007.0, 1655, año 2009.0, 64287, año 2014.0, 71, año 2014.0, 56, año 2014.0, 211, año 2014.0, 142, año 2015.0, 283, año 2014.0, 60928, año 2014.0, 1, año 2014.0, 83, año 2013.0, 67641, año 2014.0, 302, año 2014.0, 2451, año 2014.0, 259, año 2004.0, 52, año 2013.0, 557, año 2014.0, 1274, año 2013.0, 2426, año 2013.0, 101, año 2004.0, 76, año 2007.0, 66972, año 2011.0, 186, año 2003.0, 732, año 2003.0, 2, año 2014.0, 2149, año 2015.0, 2, año 2014.0, 933, año 2014.0, 109, año 2014.0, 278, año 2014.0, 2426, año 2008.0, 107, año 2014.0, 48380, año 2016.0, 1, año 2015.0, 136, año 2014.0, 197, año 2014.0, 137, año 2014.0, 147, año 2014.0, 136, año 2014.0, 811, año 2014.0, 229, año 2014.0, 2570, año 2015.0, 2297, año 2014.0, 167, año 2015.0, 154, año 2008.0, 249"
Surreal,"Usuario con más horas jugadas para Género Surreal : 76561197999306529, Horas jugadas: año 2000.0, 1941, año 2000.0, 1941"
Survival,"Usuario con más horas jugadas para Género Survival : 76561198018684159, Horas jugadas: año 2006.0, 1630"
Survival Horror,"Usuario con más horas jugadas para Género Survival Horror : 76561198018684159, Horas jugadas: año 2006.0, 1630"
Third Person,"Usuario con más horas jugadas para Género Third Person : 76561197995146150, Horas jugadas: año 2011.0, 15820"
Thriller,"Usuario con más horas jugadas para Género Thriller : Gigglestik, Horas jugadas: año 2015.0, 225"
Time Attack,"Usuario con más horas jugadas para Género Time Attack : 76561198040188061, Horas jugadas: año 2012.0, 4016"
Time Travel,"Usuario con más horas jugadas para Género Time Travel : 76561198042170355, Horas jugadas: año 2015.0, 10467"
Tutorial,"Usuario con más horas jugadas para Género Tutorial : finnzag1, Horas jugadas: año 2015.0, 237, año 2016.0, 1"
Twin Stick Shooter,"Usuario con más horas jugadas para Género Twin Stick Shooter : lilnobody, Horas jugadas: año 2016.0, 1611"
Utilities,"Usuario con más horas jugadas para Género Utilities : 76561198073642113, Horas jugadas: año 2014.0, 207651"
Video Production,"Usuario con más horas jugadas para Género Video Production : ScottyG555, Horas jugadas: año 2015.0, 168314"
Violent,"Usuario con más horas jugadas para Género Violent : kraken257, Horas jugadas: año 2015.0, 177"
Walking Simulator,"Usuario con más horas jugadas para Género Walking Simulator : 76561198049268659, Horas jugadas: año 2015.0, 2"
Web Publishing,"Usuario con más horas jugadas para Género Web Publishing : Xyphien, Horas jugadas: año 2012.0, 64657, año 2005.0, 7296, año 2015.0, 71011"
Zombies,"Usuario con más horas jugadas para Género Zombies : 76561198096003148, Horas jugadas: año 2015.0, 607"
e-sports,"Usuario con más horas jugadas para Género e-sports : JinDoritos, Horas jugadas: año 2014.0, 163777"
